id,text,label,Comments
198,RT @anonymized_account mam sliczne imiona dla swoich dzieci ale nie mam dzieci,0.0,
199,@anonymized_account Powiedz mi czy bÄ™dzie Ci siÄ™ podobaÅ‚,0.0,
201,asocjacja intymna z ksiÄ™dzem Rydzykiem,0.0,
203,@anonymized_account @anonymized_account Jak bÄ™dziesz chciaÅ‚ fotke czegoÅ› z nowego FMa to daj znaÄ‡ :),0.0,
204,"@anonymized_account @anonymized_account @anonymized_account @anonymized_account GdybyÅ›my nie mieli Guilherme, to jak najbardziej.",0.0,
205,Ten przyglup jeszcze uruchomi sluÅ¼by na Ryharda i biedak pÃ³jdzie siedzieÄ‡,1.0,
208,"@anonymized_account @anonymized_account @anonymized_account Jak siÄ™ zapisaÅ‚em, wojna nie bÄ™dzie latwa, swoich napierdalaÄ‡ Å¼eby dotrzeÄ‡ do jÄ…dra",0.0,
209,"@anonymized_account W makroregionie rok temu ich nie byÅ‚o w ogÃ³le, wiÄ™c mi trudno stwierdziÄ‡.",0.0,
210,"@anonymized_account Rozumiem, Å¼e ten gif jest adekwatny do poziomu Pana intelektu. GratulujÄ™.",0.0,
211,@anonymized_account @anonymized_account @anonymized_account Potrzebne bÅ‚yskawiczne decyzje bo do 1/06 kilka dni.,0.0,
212,@anonymized_account @anonymized_account @anonymized_account A kiedy ty zdasz egzamin na zwrot ukradzionej kasy za kilometrÃ³wki?,1.0,
213,PrÃ©stamo a un aÃ±o con opciÃ³n de compra para Ever Valencia y Cristian Echavarria al Wisla Cracovia de Polonia\n@anonymized_account,0.0,
216,"@anonymized_account OczywiÅ›cie, Å¼e moÅ¼na, ale potrzeba porzÄ…dnego trenera i tu jest problem, a nie w Messim.",0.0,
217,"@anonymized_account Wiem, ale bym chciaÅ‚a dziÅ›/jutro ğŸ˜€",0.0,
219,Nie ma idoli a jak juÅ¼ sÄ… to nie ze Å›mietniska @anonymized_account myÅ›lcie trochÄ™,0.0,
220,"@anonymized_account @anonymized_account Pewnie chodzi o to, Å¼e nie mÃ³wisz teÅ¼ \""TatrÃ³w\"" :D",0.0,
222,"@anonymized_account @anonymized_account NaprawdÄ™ mam odpowiadaÄ‡ na pytanie, po co druÅ¼ynie trzeci bramkarz?",0.0,
224,@anonymized_account @anonymized_account @anonymized_account York czy Leszek Miller? :),0.0,
227,"@anonymized_account Albo \""GÅ‚upi ma zawsze szczÄ™Å›cie\"". Do wyboru ğŸ˜",0.0,
229,RT @anonymized_account @anonymized_account NieudacznikÃ³w ? A jak tam kariera dziennikarska po odciÄ™ciu pieniÄ…Å¼kÃ³w publicznych ?,0.0,
231,@anonymized_account @anonymized_account @anonymized_account @anonymized_account @anonymized_account Nie wszystko zaleÅ¼y od czasu :P,0.0,
236,"@anonymized_account MusiaÅ‚ jest na poziomie Gila, ale jest medialny i sympatyczny dlatego jest kreowany na jednego z najlepszych w Polsce.",0.0,
237,@anonymized_account @anonymized_account Przynajmniej moÅ¼emy wspominaÄ‡ legendy. A kto u was jest legendÄ… ? Cabaj ? ğŸ˜‚,0.0,
240,@anonymized_account wczeÅ›niej spamowaÅ‚eÅ› Cierzniakiem to siÄ™ teraz nie dziw,0.0,
241,@anonymized_account A to nie prawda honor ponad Å¼ycie,0.0,
242,@anonymized_account ale jednak dwie godziny drogi,0.0,
243,@anonymized_account @anonymized_account Polacy katolicy sÄ… niezastÄ…pieni w swojej wrednoÅ›ci i zaÅ‚ganiu.,1.0,
244,@anonymized_account O jakiej wiÄ™kszoÅ›ci mÃ³wimy mistrzu..?,0.0,
246,@anonymized_account Razem z I rundÄ… w Å›rodÄ™.,0.0,
247,Settings/upnp/dlna renderers/ ffmpeg/all audio formats i gra,0.0,
250,RT @anonymized_account @anonymized_account wszystkiego najlepszegoâ£ speÅ‚nienia najskrytszych marzeÅ„ ğŸ‚ğŸğŸˆğŸ‰,0.0,
253,@anonymized_account @anonymized_account Czekam z utÄ™sknieniem na delegalizacjÄ™ ONRu,0.0,
256,@anonymized_account @anonymized_account @anonymized_account @anonymized_account @anonymized_account Czasem spokojny czasem nie ğŸ˜‚,0.0,
257,@anonymized_account @anonymized_account bo moÅ¼e nikogo to nie interesowaÅ‚o,0.0,
258,@anonymized_account Komentarz raz a dwa sÅ‚yszÄ…c trybuny zastanawiam siÄ™ czy ten kto wymyÅ›liÅ‚ mecze w pn obejrzaÅ‚ choÄ‡ jeden,0.0,
259,@anonymized_account Ja bym byÅ‚ ostroÅ¼nyğŸ˜ğŸ˜ğŸ˜A jak ma na imiÄ™?,0.0,
261,"@anonymized_account @anonymized_account Bo tym co przeÅ¼yÅ‚, juÅ¼ nic go nie zabije",0.0,
262,"@anonymized_account Brakuje tlenu, mi brakuje odkÄ…d pis przejÄ…Å‚ wÅ‚adzÄ™",0.0,
264,@anonymized_account @anonymized_account @anonymized_account @anonymized_account @anonymized_account A to juz jego ryzyko,0.0,
270,"@anonymized_account To, Å¼e reprezentacja to nie miejsce do tego.",0.0,
272,@anonymized_account Ps ktoÅ› podobno zadzwoniÅ‚ i faktycznie ten facet odebraÅ‚  ğŸ˜‚,0.0,
273,97 proc. badanych PolakÃ³w odczuwa dumÄ™ ze swojego pochodzenia narodowego\n#wieszwiecej \nhttps://t.co/gHayIECObt,0.0,
274,@anonymized_account @anonymized_account @anonymized_account rodzice to pewnie kibice Ruchu wiÄ™c to nic dziwnego.A debiut Bargiela rzeczywiÅ›cie bardzo dobry.,0.0,
276,"Chcesz obywatelstwo Niemieckie, nie pierdolÄ… o wielkoÅ›ci narodu, a o trÃ³jpodziale wÅ‚adzy, obowiÄ…zkowy kurs",0.0,
277,"sÄ™dziÃ³w wÅ›ciekÅ‚a i zÅ‚a kasta, chyba zaraz siÄ™ pochlasta",1.0,
278,@anonymized_account @anonymized_account Zgadza siÄ™ ale przecieÅ¼ nas niestac Å¼eby komin pÅ‚acowy zaczÄ…Ä‡ od.carlitosa,0.0,
279,"@anonymized_account jutro walkağŸ’ª pokaÅ¼cie \""ekspertom\"" co znaczy WisÅ‚a :)",0.0,
281,"RT @anonymized_account chciaÅ‚abym, Å¼eby chociaÅ¼ napisaÅ‚ \""jak siÄ™ czujesz?\"" i mean, wystarczÄ… mi tylko te trzy cholerne sÅ‚owa, czy proszÄ™ o tak wiele?",0.0,
283,Nieodwracalne zmiany wykonawcy Kaliber 44\nhttps://t.co/OTQBfQnGRz,0.0,
284,@anonymized_account Poczytaj kobieto coÅ› z historii to siÄ™ dowiesz kto byÅ‚ TargowicÄ…. Bo na razie robisz z siebie idiotkÄ™.,1.0,
285,"@anonymized_account Dowcip brudny, jak podÅ‚oga w Ulubionej przed 5:00 z soboty na niedzielÄ™.",0.0,
287,@anonymized_account @anonymized_account Eeee!!  #Tok FM wiÄ™cej wiary w swÃ³j elektorat!ğŸ˜ğŸ˜,0.0,
288,"Z zastrzeÅ¼eniem, Å¼e nie pamiÄ™tam, czy braÅ‚ udziaÅ‚ przy trzeciej i czwartej bramce z ArgentynÄ… ğŸ˜›",0.0,
292,"@anonymized_account @anonymized_account Wy pierdolicie o jakimÅ› albumie a ja juÅ¼ miaÅ‚am nadziejÄ™, Å¼e umrÄ™ w wakacje :(",0.0,
293,A jednak. Paulinho wypoÅ¼yczony z opcjÄ… obowiÄ…zkowego wykupu. PonoÄ‡ za 50 baniek. No nieÅºle.,0.0,
294,"@anonymized_account gdzie studiujesz? bo ja juÅ¼ dwie osoby znalazÅ‚am po tym tweecie, ktÃ³re studiujÄ… tam gdzie ja",0.0,
295,"@anonymized_account No przecieÅ¼, a osoby lgbt w ogÃ³le nie korzystajÄ… z komunikacji miejskiej no nie, wiec oni nie sÄ… juÅ¼ pasaÅ¼erami :) parodia",0.0,
296,"WyÅ›cig o Plastusiowego Debila trwa.Walka jest zaÅ¼arta. WalczÄ…: Piasecki, Wielowiejska,Kidawa-BÅ‚oÅ„ska,KrÃ³l,Czuchnowski. Kto zwyciÄ™Å¼y?ğŸ˜ğŸ˜ğŸ˜",1.0,
297,@anonymized_account @anonymized_account @anonymized_account To otwÃ³rz sobie okno i wywietrz. Åšwierza dawka tlenu dobrze wpÅ‚ywa na mÃ³zg.,0.0,
304,"Pociag do Krk; gÅ‚oÅ›nik:\n\n\""Nie ma wagonu restauracyjnego, ale realizowana jest usÅ‚uga spoÅ¼ywcza przy pomocy wÃ³zka mobilnego\"".",0.0,
305,"@anonymized_account Tak, ale dopiero na lotnisku spisywalem :)",0.0,
306,"@anonymized_account @anonymized_account @anonymized_account @anonymized_account @anonymized_account Jak znam Morfa, to masz wnioskowaÄ‡ odwrotnie :)",0.0,
309,@anonymized_account @anonymized_account Wydaje mi siÄ™ Å¼e sÄ… to domniemania uÅ¼ytkownika i nie ma co przywiÄ…zywaÄ‡ wiÄ™kszej wagi do tych sÅ‚Ã³w,0.0,
312,@anonymized_account raczej jakie znajomoÅ›ci.Kto go prowadziÅ‚ w Koronie i sprowadzaÅ‚ do Podbeskidzia i GÃ³rnika ? OjrzyÅ„ski,0.0,
313,@anonymized_account @anonymized_account @anonymized_account @anonymized_account O Arkadiuszu Recy byÅ‚o to samo ?,0.0,
314,PO i Nowoczesna przeciw   degradacji zbrodniarzy  komunistycznych.PSL im wtÃ³ruje. Å»aÅ‚osne i kompromitujÄ…ce .#Woronicza17,0.0,
315,RT @anonymized_account Steve Mandanda is crazy ğŸ˜‚\nhttps://t.co/47B5plJKo1,0.0,
316,@anonymized_account SkÄ…d ty to Bierzesz? ğŸ˜€,0.0,
317,@anonymized_account ZamÃ³wiÅ‚eÅ› juÅ¼ kolejkÄ™ do psychiatry? Tak wyglÄ…da frustracja niespeÅ‚nionego starca.,1.0,
324,Czemu jakieÅ› randomowe osoby zapraszajÄ… mnie do znajomych na fejsie.... przecieÅ¼ ja ich w Å¼yciu na oczy nie widziaÅ‚am,0.0,
325,"W Europie rÄ™ka raczej nie do odgwizdania. Ciekawe, jakie wytyczne ma FIFA.",0.0,
330,@anonymized_account @anonymized_account Filipiak juz szuka wakacji w biurze podrÃ³Å¼y bo KL mu ufundowaÅ‚a je,0.0,
331,@anonymized_account Ale co to ma do Mystka?,0.0,
332,@anonymized_account @anonymized_account @anonymized_account @anonymized_account A pytania kto na kartkach napisaÅ‚?,0.0,
333,"@anonymized_account Od jakiegoÅ› czasu mam dziwne uczucie sÅ‚uchajÄ…c PADa, Å¼e jest coraz mniej wiarygodny.",0.0,
334,"@anonymized_account @anonymized_account Z tego co wiem, to tak.",0.0,
335,"@anonymized_account @anonymized_account Na palacza to nie dziaÅ‚a, obawiam siÄ™.",0.0,
337,@anonymized_account Jaka kwota wykupienia go po roku??,0.0,
338,czy wy to widzicie XD\nhttps://t.co/dekgWp3rtd,0.0,
339,"@anonymized_account @anonymized_account @anonymized_account @anonymized_account No cÃ³Å¼, kaÅ¼dy sÄ…dzi podÅ‚ug siebie.",0.0,
340,@anonymized_account widze Å¼e chyba nie moÅ¼esz spaÄ‡ :) a te cyfry co oznaczajÄ… ?:),0.0,
341,@anonymized_account @anonymized_account a to juÅ¼ nie moja wina Å¼e sprzedaliÅ›cie nazwe klubu,0.0,
342,@anonymized_account zdjÄ™cie dnia ? Ja pierdole...,0.0,
343,PiÄ…ty piÄ…tek bez papierosa. To juÅ¼ chyba mogÄ™ przestaÄ‡ liczyÄ‡\nWreszcie wolna! ğŸ¾ğŸ˜„\n\nDziÄ™ki za trzymanie kciukÃ³w!,0.0,
344,@anonymized_account Jest sÅ‚aby jak zawsze w kadrze.,0.0,
347,@anonymized_account Å»eby przy okazji i 88 siÄ™ nie poÅ¼egnaÅ‚.,0.0,
348,ale siÄ™ ciesze na pracownie radiowÄ… XD,0.0,
353,"@anonymized_account Tak, ale to mocno ogranicza pulÄ™ odbiorcÃ³w, a temat waÅ¼ny.",0.0,
355,@anonymized_account w takim razie serial mad men jest idealny dla ciebieğŸ˜‚,0.0,
357,@anonymized_account @anonymized_account  przecieÅ¼ pisali wtedy Å¼e karny niesÅ‚uszny.A zawodnik Korony co dwa razy zagraÅ‚ rÄ™kÄ… piÅ‚ke to co pompki robiÅ‚ ?,0.0,
358,"A mÃ³wili, Å¼e sezon @anonymized_account siÄ™ skoÅ„czyÅ‚ ğŸ˜‚ Naaaaah, on siÄ™ tylko przeniÃ³sÅ‚.",0.0,
360,"@anonymized_account @anonymized_account MentalnoÅ›ciowo murzyn do kwadratu, dlatego taki czarny",1.0,
361,"Halo KrakÃ³w, kogo byÅ›cie uznali za gwiazdÄ™/najwaÅ¼niejszego zawodnika obecnej WisÅ‚y? ğŸ˜‰",0.0,
362,@anonymized_account @anonymized_account Ile tam jest szczÄ™Å›cia ğŸ˜,0.0,
363,@anonymized_account Mam znajomÄ… ktÃ³ra pracuje 6h trzy dni w tygodniu i ma 50 tyÅ›,0.0,
364,"@anonymized_account @anonymized_account I takie takie wpisy: \""Adrian Juda, nigdy wiÄ™cej\"" czÅ‚owiekowi jakoÅ› raÅºniej",0.0,
366,@anonymized_account jak za to karny siÄ™ naleÅ¼aÅ‚ to kaÅ¼de takie starcie w ktÃ³rym obroÅ„ca nie siÄ™gnie piÅ‚ki powinno byÄ‡ karnym wg twojego myÅ›lenia,0.0,
367,na wszystko wÃ³deczka jest dobra,0.0,
369,"@anonymized_account @anonymized_account w amoku, ich odklejonych muzgÃ³w nikt nie zatrzyma @anonymized_account @anonymized_account , obornik",1.0,
372,"@anonymized_account @anonymized_account @anonymized_account Rio tak, ale Niemcy - Brazylia.",0.0,
373,@anonymized_account @anonymized_account och nie! DziÅ› jest piÄ™knie!,0.0,
374,@anonymized_account @anonymized_account Drzazga to dopiero kandydat na napastnika.MoÅ¼e go wypoÅ¼yczÄ… do I ligi.,0.0,
376,@anonymized_account @anonymized_account Stalinowskiej i jego potwornych zbrodniach p.ciwko nam. Polecam Pakt Ribbentrop-Beck P.Zychowicza.,0.0,
378,@anonymized_account Dziadek najwidoczniej mÅ‚ody duchem ğŸ˜„,0.0,
382,"@anonymized_account Nie no, bÄ…dÅºmy powaÅ¼ni ;)",0.0,
385,"@anonymized_account o widzisz, to nawet nie wiedziaÅ‚am bo to byÅ‚o jakieÅ› dwa lata temu",0.0,
386,@anonymized_account TeÅ¼ oglÄ…dam wÅ‚aÅ›nie w TV.,0.0,
388,"RT @anonymized_account @anonymized_account @anonymized_account Was, gnidy powinno siÄ™ zaoraÄ‡ na metr w gÅ‚Ä…b i grubo posypaÄ‡ niegaszonym wapnem. A dla pewnoÅ›ci zbombardoâ€¦",1.0,
391,@anonymized_account @anonymized_account Nie szkoda czasu?ğŸ˜ğŸ˜ğŸ˜ A teraz kto jest?,0.0,
392,"@anonymized_account Co za jeÅ‚op z tego typa, brak sÅ‚Ã³w. Przemawia do idiotÃ³w ale jest ich coraz mniej.",1.0,
393,@anonymized_account @anonymized_account No spaÅ‚em 2.5 godziny ğŸ˜‰,0.0,
394,"@anonymized_account @anonymized_account W sumie @anonymized_account mogÅ‚aby siÄ™ uczyÄ‡, jak wykorzystywaÄ‡ swoje moÅ¼liwoÅ›ci ğŸ˜œ",0.0,
395,"@anonymized_account PrÃ³bowaÅ‚ teÅ¼ udowodniÄ‡, Å¼e Legia to wcale nie sÅ‚aby mistrz mimo tylu poraÅ¼ekğŸ˜‚",0.0,
396,"@anonymized_account @anonymized_account @anonymized_account Szczury, gady, plazy teraz na szczycie ale ewolucja jest nieublagana",0.0,
397,@anonymized_account @anonymized_account A od kiedy komentatorzy na Sky to wyrocznia?,0.0,
398,"@anonymized_account @anonymized_account 500+ bardzo dobry program, szkoda Å¼e nie z  pisdzielskiej kasy",0.0,
399,"@anonymized_account Hmmm, skÄ…d wiesz, Å¼e chciaÅ‚am dziÅ› jechaÄ‡ do Nowego SÄ…cza? ğŸ˜",0.0,
401,Moje dwie koleÅ¼anki z roku sÄ… zarÄ™czone,0.0,
403,RT @anonymized_account Bardzo uprzejmie proszÄ™ ABW o zainteresowanie siÄ™ kontem tego czÅ‚owieka: @anonymized_account A Was proszÄ™ o RT.,0.0,
405,@anonymized_account @anonymized_account @anonymized_account I dlatego Rydzyk i koledzy dostajÄ… ciÄ™Å¼kie miliardy zÅ‚otych z budÅ¼etu,0.0,
408,"@anonymized_account Oj Pani Kasiu, z dziadka siÄ™ nie drwi, szczegÃ³lnie jak siÄ™ ma porzÄ…dnego dziadka.",0.0,
409,@anonymized_account @anonymized_account WÅ‚aÅ›ciciel Leicester jest wÅ‚aÅ›cicielem tego Belgijskiego klubu.,0.0,
410,@anonymized_account @anonymized_account Masz zupeÅ‚nÄ… racjÄ™. CaÅ‚y rzÄ…d i wierchuszki PiSu juÅ¼ dawno powinna siedzieÄ‡.,1.0,
411,"@anonymized_account peÅ‚ne sÅ‚owa wsparcia, 100%prawda musiaÅ‚a ujrzeÄ‡ Å›wiatÅ‚o dzienne,  teÅ¼ jestem pozytywnie zakrÄ™cony  @anonymized_account",0.0,
414,8 Przebudzenie - Iluzji Laka wykonawcy L.U.C.\nhttps://t.co/96WBe4T5GH,0.0,
415,"RT @anonymized_account @anonymized_account @anonymized_account Taki trochÄ™ gangster jesteÅ›, widzÄ™. Wieje grozÄ… z kaÅ¼dego posta.",0.0,
419,"Gdyby dziÅ› miaÅ‚o obudziÄ‡ siÄ™ we mnie zwierzÄ™, byÅ‚by to wÄ…Å¼. Idzie, a leÅ¼y.",0.0,
421,@anonymized_account @anonymized_account PrzecieÅ¼ on nawet komputera nie umie obsÅ‚ugiwaÄ‡ ğŸ˜‚,0.0,
422,"@anonymized_account Nieeee, tam jest duuuuÅ¼o nieba! MuszÄ™ dbaÄ‡ o jego wzrok! ;-)",0.0,
423,"@anonymized_account @anonymized_account No skoro zostaÅ‚ porÃ³wnany z Milikiem, to rzeczywiÅ›cie - JprdlğŸ¤¦â€â™‚ï¸",0.0,
424,"@anonymized_account Ma to w genach, czy tam  zaleÅ¼y z ktÃ³rej wiatr wieje",0.0,
427,"@anonymized_account ByÅ‚ z dzieÄ‡mi na marszu, chwaÅ‚a",0.0,
428,@anonymized_account @anonymized_account i tak nas byÅ‚o wiÄ™cej niÅ¼ u was na ostatnim meczu wiÄ™c radziÅ‚bym siÄ™ zajÄ…Ä‡ wÅ‚asnÄ… frekwencjÄ…,0.0,
429,"Co ta Bydgoszcz, bomby na dworcu, samobÃ³jcy na dachu Kauflandu....",0.0,
432,@anonymized_account @anonymized_account za to dziennikarze kochajÄ… Legie,0.0,
435,@anonymized_account Chyba ciÄ™ frustracie do koÅ„ca pojebaÅ‚o. To dawaj publicznie tÄ… prawdÄ™ psycholu.,1.0,
436,@anonymized_account chodziÅ‚o mi o to Å¼e chyba kaÅ¼dy siÄ™ cieszyÅ‚ Å¼e Norwegia wygraÅ‚a przez co mieliÅ›my wiÄ™kszy handicap a nie tylko KrakÃ³w Arena :),0.0,
437,Jak byÅ‚ mecz Ruskie-Hiszpanie do 70 min myÅ›laÅ‚em Å¼e czerwoni to Ruscy,0.0,
438,"RT @anonymized_account Zamieszanie wokÃ³Å‚ Tomasza Zimocha co najmniej takie, jakby ktokolwiek jeszcze sÅ‚uchaÅ‚ relacji z meczÃ³w w radiu.",0.0,
443,"@anonymized_account Szkoda, Å¼e nie byÅ‚a mniejsza, wtedy byÅ‚by nawet tÅ‚ok",0.0,
447,"@anonymized_account @anonymized_account JuÅ¼ byÅ‚ taki jeden co machaÅ‚ rÄ…czkami. Kaszpirowski siÄ™ nazywaÅ‚ i teÅ¼ tak bredziÅ‚ jak ty.\nRÄ™ce, ktÃ³re leczÄ….....",0.0,
450,@anonymized_account to ty powinienes zdjÄ…Ä‡ rÃ³zowe okulary skoro chcesz tu Stilicia,0.0,
451,"@anonymized_account No, no. Oficera prowadzÄ…cego tam nawet majÄ….",0.0,
454,"@anonymized_account @anonymized_account Jest - wszystko, czym moÅ¼esz przepisowo zagraÄ‡ piÅ‚kÄ™, czyli wszystko poza rÄ™kÄ….",0.0,
455,#NAME?,0.0,
456,@anonymized_account Mi siÄ™ strasznie koÅ„cÃ³wki rozdwajajÄ… i juÅ¼ miaÅ‚am ogromne siano,0.0,
458,"@anonymized_account Ej, w ogÃ³le co tam siÄ™ odjebalo w finaÅ‚owym odcinku ğŸ˜‚ğŸ˜‚ğŸ˜‚",0.0,
459,@anonymized_account @anonymized_account @anonymized_account KÅ‚amstwo kÅ‚amstwem pogania. Nic innego tylko Å‚garstwa i ciÄ…gle Å‚amanie prawa.,0.0,
460,"Najbardziej podÅ‚e i wstrÄ™tne przemÃ³wienie PAD, jakie sÅ‚yszaÅ‚em!\nTeraz, u Å›w. Brygidy.",0.0,
462,@anonymized_account Kto odda pieniÄ…dze ktÃ³re trafiÅ‚y do RadziwiÅ‚Å‚Ã³w,0.0,
469,#Wypozyczeni Widzew - GÃ³rnik Å. 3:0\nMarcin Pigiel nie znalazÅ‚ siÄ™ w kadrze meczowej Å‚odzian.,0.0,
470,@anonymized_account Na razie siÄ™ zastanawia. Czy dokÅ‚adnie wiadomo o co chodzi w tej ustawie?,0.0,
471,@anonymized_account On powinien wchodziÄ‡ przy stanie 3-0 dla WisÅ‚y bez wzglÄ™du na minutÄ™ ;),0.0,
474,@anonymized_account musiaÅ‚am sobie wyguglowaÄ‡ to sÅ‚owo :-),0.0,
475,@anonymized_account gdyby nie Vive to by sukcesÃ³w nie byÅ‚o @anonymized_account,0.0,
477,"@anonymized_account Przytrzymaj ikonkÄ™ nagrywania na trochÄ™ i powinno ci wyskoczyÄ‡ okno dialogowe i dotknij tam, ze chcesz nagrywaÄ‡ z dÅºwiÄ™kiem",0.0,
479,"@anonymized_account @anonymized_account Ijo, ijo, ijo jesteÅ› aresztowany",0.0,
480,@anonymized_account Bo siÄ™ nie zaÅ‚apaÅ‚ do 18,0.0,
483,@anonymized_account @anonymized_account @anonymized_account Tym sÅ‚uÅ¼bom co bijÄ… matki niepeÅ‚nosprawnych w sejmie?,0.0,
484,"@anonymized_account Ja teÅ¼ teÅ¼, ale byÅ‚em ciekaw opini o mi6",0.0,
485,@anonymized_account Wiadomo ze z dzieÄ‡mi wyjÅ›cie na GubaÅ‚Ã³wke to wiÄ™ksze wyzwanie jak na rysy bez dzieci ;),0.0,
487,"@anonymized_account Stopki sexowne,pantofelki ok. I o co chodzi?ğŸ˜ğŸ˜€ğŸ˜€ğŸ˜€ğŸ˜€",0.0,
489,"@anonymized_account @anonymized_account A wÅ‚aÅ›nie, Å¼e jest! ğŸ˜‚",0.0,
493,"@anonymized_account Jest moc. Tak trzymaj! U mnie aÅ¼ tyle to nie trwaÅ‚o, ale wyobraÅ¼am sobie co czujesz ğŸ˜Š",0.0,
495,"@anonymized_account O tak, teraz bÄ™dzie wspaniaÅ‚y",0.0,
496,@anonymized_account @anonymized_account Mr. Czarnecki. To nie hipokryzja tylko zwykÅ‚a ludzka przyzwoitoÅ›Ä‡. WidaÄ‡ Å¼e niektÃ³rym obce takie  odruchy.,0.0,
499,"@anonymized_account Czym innym sÄ… subiektywne odczucia, a czym innym fakty.",0.0,
500,Ej bo upuekÅ‚abym jakieÅ› ciasto Å›le nie wiem jakie ğŸ˜‚ macie jakieÅ› przepisy?,0.0,
502,"@anonymized_account @anonymized_account 30 tyÅ› na kampaniÄ™, taki browarnik wielki a tak Å›ciubi, macie to w genach wy polscy BYZNESMENI",0.0,
510,@anonymized_account @anonymized_account Ale w kolejnym zdaniu jest juÅ¼ liczba poj.,0.0,
511,@anonymized_account Jak nie wycofasz swoich sÅ‚Ã³w to wypierdalam...,0.0,
512,@anonymized_account Bo do 84. minuty rewanÅ¼u wynik dwumeczu z klubem wielokrotnie bogatszym i z lepszymi piÅ‚karzami byÅ‚ na krawÄ™dzi?,0.0,
513,CoÅ› mi miga przed oczami,0.0,
515,@anonymized_account @anonymized_account @anonymized_account KrzyÅ¼ celtycki w Irlandii debilu ma kompletnie inne znaczenie niÅ¼ u neofaszystÃ³w.,1.0,
518,@anonymized_account @anonymized_account BÃ³l dupy bo co roku puchary na wyciÄ…gniÄ™cie rÄ™ki i coÅ› nie mogÄ… awansowaÄ‡.A dziÄ™ki Arce historia siÄ™ pewnie powtÃ³rzy.,1.0,
521,@anonymized_account Ciekawe w jaki sposÃ³b Nurowska okazuje panu profesorowi swoje poddaÅ„stwo. Pachnie mi tu sexem oralnym.ğŸ˜ğŸ˜ğŸ˜ğŸ˜,0.0,
522,Tez siÄ™ kiedyÅ› tam przeprowadzÄ™ i innej opcji nie widzÄ™,0.0,
527,@anonymized_account  Fajnie Å¼e trzymasz kciuki za piÅ‚karzy :) a tak przy okazji ile rozegraÅ‚aÅ› spotkaÅ„ w WiÅ›le i ile masz asyst ? Hehe:),0.0,
528,"RT @anonymized_account @anonymized_account To jest niszczenie mienia, takie samo jakby na Å›cianie pani domu ktos napisaÅ‚  \""tu mieszka durna baba\""",0.0,
529,Jak Klaus dzisiaj umrze to ja wpadnÄ™ w depresje,0.0,
531,@anonymized_account pracuje z jego synem.MÃ³wiÅ‚ Å¼e bÄ™dzie dobrze :),0.0,
535,"@anonymized_account @anonymized_account MÃ³gÅ‚, ale jakoÅ› nie chce mi siÄ™ wierzyÄ‡, Å¼e tak to wyglÄ…daÅ‚o.",0.0,
540,RT @anonymized_account @anonymized_account Ty sprzedawczyku idÅº Å›wiÄ™towaÄ‡ Å›wiÄ™ta narodowe folksdojczÃ³w ğŸ˜Š,1.0,
542,"@anonymized_account @anonymized_account Babcia Herod w formie, pozdrawiam @anonymized_account , czekamy na ustawÄ™ w sprawie lewackiej mordy @anonymized_account",1.0,
543,@anonymized_account myÅ›lisz Å¼e JÃ³zek nie miaÅ‚ nic do gadania ? :P,0.0,
546,"@anonymized_account @anonymized_account @anonymized_account Sakiewicz, Tobie wazelina oczy zalewa i bredzisz.",1.0,
547,"@anonymized_account nie wiem, ale coÅ› co przeszÅ‚o ekspresowÄ… ewolucjÄ™. Najpierw chodziÅ‚o na 4 nogach, potem na 3, i w koÅ„cu na dwÃ³ch.",0.0,
548,"@anonymized_account O, myÅ›laÅ‚am, Å¼e nikt juÅ¼ nie uÅ¼ywa \""mnie\"" tylko \""mi\"".",0.0,
549,RT @anonymized_account @anonymized_account Komorowski wyciÄ…gnÄ…Å‚by wizytÃ³wkÄ™ banku i doradziÅ‚ odpowiedni kredyt .,0.0,
551,@anonymized_account serio chciaÅ‚oby Ci sie 3 mecze oglÄ…daÄ‡ na raz ? W dodatku jak jest mecz WisÅ‚y ? @anonymized_account,0.0,
553,"@anonymized_account @anonymized_account @anonymized_account A jeÅ›li ona odpowiada na pytanie \""Jak dieta moÅ¼e pomÃ³c zajÅ›Ä‡ w ciÄ…Å¼Ä™?\",0.0,
556,@anonymized_account @anonymized_account Ty siÄ™ oszuÅ›cie i kÅ‚amco od nas odpierdol. My sobie damy radÄ™ bez twoich kÅ‚amstw,1.0,
558,@anonymized_account Ale tu chyba tak z ocen po prostu wyszÅ‚o.,0.0,
559,"@anonymized_account WÅ‚aÅ›nie. Ilu! Najpierw odpowiedzmy sobie ma to pytanie,a potem dziwmy siÄ™ zwyciÄ™stwu Zdanowskiej",0.0,
565,"RT @anonymized_account DoÅ¼yliÅ›my czasÃ³w komentowania wypowiedzi ludzi, ktÃ³rych powinniÅ›my pytaÄ‡ \""po ile pietruszka\"" na bazarku.",0.0,
567,"@anonymized_account Tu, u steru wÅ‚adzy mamy\nKogo? Synka swojej mamy! :D",0.0,
569,@anonymized_account PrzecieÅ¼ to poÅ‚Ä…czenie to jakiÅ› mem jest.,0.0,
571,@anonymized_account Pan SÅ‚awek juz sam siÄ™ miesza w tym co mÃ³wi broniÄ…c sÄ™dziÃ³w. ZwykÅ‚a chorÄ…giew z ktÃ³rej strony zawieje tak pan SÅ‚awek interpretuje,0.0,
574,"@anonymized_account U mnie na osiedlu jest taki jeden casanova, wabi siÄ™ Amor. Å»adnej nie przepuÅ›ci. WaÅ¼y, ze dwa kilo, tylko o tym nie wie.",0.0,
577,"@anonymized_account W chorej gÅ‚owie, chore tt, idÅº do burdelu maly faszysto",1.0,
578,"\"" - Gdyby siÄ™ coÅ› dziaÅ‚o, to masz mÃ³j numer?\n- Mam.\n- Skasuj\"".",0.0,
580,"RT @anonymized_account Przykro jest usÅ‚yszeÄ‡, Å¼e ktoÅ› nawet o Tobie nie myÅ›laÅ‚, gdy Ty umieraÅ‚aÅ› z tÄ™sknoty",0.0,
582,"@anonymized_account BiorÄ…c pod uwagÄ™, jak szybko go ogÅ‚osili, to raczej mÃ³wi prawdÄ™.",0.0,
583,@anonymized_account No to myÅ›le ze by siÄ™ dogadaÅ‚ z moim dziadkiem ğŸ¤¦ğŸ¼â€â™€ï¸,0.0,
585,@anonymized_account Ale dzisiaj jest Å›roda :P,0.0,
586,"Ludzie galarety, trzÄ™sÄ…ce sie, pÅ‚aczÄ…ce na pochodach, sÄ… rÃ³Å¼ni ludzi ale nie oddajmy takim wÅ‚adzy,  pÅ‚aczki polaczki",1.0,
587,"@anonymized_account Niestety nie, choÄ‡ moÅ¼e na TT ktoÅ› siÄ™ znajdzie i nam opowie.",0.0,
589,@anonymized_account @anonymized_account @anonymized_account @anonymized_account @anonymized_account Bo siÄ™ zaklaskacie na amen,0.0,
592,"RT @anonymized_account DziÅ› w \""Raporcie\"" pytamy: Czy Patryk Jaki wygra wybory na prezydenta Warszawy?",0.0,
593,@anonymized_account @anonymized_account PrzecieÅ¼ TS dzierÅ¼awi ta ziemiÄ™ umowa na 99 lat zgadza siÄ™ czy nie?,0.0,
594,@anonymized_account Lis biedny krÄ™ci siÄ™ wokÃ³Å‚ wÅ‚asnego ogona i ciÄ…gle prÃ³bujÄ™ marudziÄ‡ A to juÅ¼ mu nie wychodzi,0.0,
596,@anonymized_account No cÃ³Å¼ agniesz ileÅ› tam oblaÅ‚a krÃ³tki test na inteligencjÄ™ğŸ˜ğŸ˜ğŸ˜ğŸ˜,1.0,
600,Jutro bÄ™dÄ™ w gÃ³rach zjeby,1.0,
602,"@anonymized_account od dawna mam chorÄ…, ale to raczej przez intensywny dzieÅ„ ;-)",0.0,
603,@anonymized_account Tez nie mam snapa hahahahaha,0.0,
604,@anonymized_account bardzo dobra decyzja z tym Å›miesznym pseudodziennikarzem,1.0,
606,@anonymized_account Jest apka jaka to melodia?? Ale czad,0.0,
607,@anonymized_account Na takie coÅ› to Ty sobie moÅ¼esz Matysiaka zapraszaÄ‡.My nie wbijamy :D,0.0,
608,Co za poÅ‚owa Bezjaka. Fiu fiu...,0.0,
612,@anonymized_account OczywiÅ›cie to jest tajemnica ğŸ™ˆ ale jak bÄ™dÄ™ mogla wiedzieÄ‡ to powiedz ğŸ˜,0.0,
613,@anonymized_account KrystynÄ™ mi on przypomina ale trzeba mieÄ‡ niepokoleji w gÅ‚owie by siÄ™ robiÄ‡ na KrystynÄ™,1.0,
617,ciekawe czy K pojechaÅ‚ na ten kontrakt do niemiec czy jednak zostaÅ‚,0.0,
618,@anonymized_account @anonymized_account @anonymized_account To w takim razie po prostu siÄ™ nie zgadzam,0.0,
619,@anonymized_account I taki Lech wydaje siÄ™ jak druÅ¼yna juniorÃ³w przy Å›lÄ…sku,0.0,
621,@anonymized_account @anonymized_account @anonymized_account tylko! Dermobrazja gratis na poczÄ…tku :-),0.0,
622,@anonymized_account LiczÄ™ do 5 i koÅ„czysz z Rozenek,0.0,
624,@anonymized_account Daj mi znaÄ‡ a ja ci powiem ze nawet jakby nie wyszÅ‚o to siÄ™ nie martw bo faceci to dranie :â€™),0.0,
625,@anonymized_account @anonymized_account @anonymized_account @anonymized_account @anonymized_account Z tym nikt raczej nie dyskutuje.,0.0,
631,@anonymized_account Pod warunkiem Å¼e sÄ… trzeÅºwi,0.0,
632,"@anonymized_account @anonymized_account Nic nie zrobil, ty i twÃ³j ojciec macie zasÅ‚ugi",0.0,
633,@anonymized_account jaja i tak juÅ¼ sÄ….Powinni ich wypierdoliÄ‡ dyscyplinarnie jak to mawiaÅ‚ Tomaszewski.,0.0,
634,"@anonymized_account Ten moment, gdy nowe biuro Jagiellonii jest 3x wiÄ™ksze od oÅ›rodka treningowego Schalke, ktÃ³ry ma kosztowaÄ‡ 95 baniek euro... ğŸ˜",0.0,
636,@anonymized_account Masz jakieÅ› sposoby na zimno? Bo mi tez siÄ™ robi :(,0.0,
637,"@anonymized_account tylko Å¼ebyÅ›my siÄ™ nie \""wzmocnili\"" SmudÄ…...",0.0,
638,"@anonymized_account Ty parchu, jeszcze to odszczekasz parchu",1.0,
639,@anonymized_account @anonymized_account Przynajmniej raz ktoÅ› nie odmÃ³wi przyjecia,0.0,
640,@anonymized_account Powinien zwrÃ³ciÄ‡ uwagÄ™ wszystkim swoim partyjnym kolegom,0.0,
641,@anonymized_account przynajmniej o was moÅ¼na byÄ‡ spokojnym Å¼e bÄ™dziecie godnie reprezentowaÄ‡ WisÅ‚e a nie to co piÅ‚karze :(,0.0,
649,@anonymized_account To raczej pytanie do Pereza :),0.0,
650,"@anonymized_account @anonymized_account @anonymized_account Ba! Ale spokojnie moÅ¼esz daÄ‡ Frankowi, Å¼eby zostaÅ‚ Bohaterem w Swoim Domu! Poradzi sobie ;-)",0.0,
652,@anonymized_account @anonymized_account ale co to za dziennikarz skoro pisze Å¼e Kuba nie identyfikuje siÄ™ z Å¼adnym klubem,0.0,
657,@anonymized_account Mogli sprzedawaÄ‡ psa z dywanem albo dywan z psem,0.0,
658,@anonymized_account @anonymized_account Jest obiektywnie. Liga rosyjska to troche inny Å›wiat w porÃ³wnaniu do ESA.,0.0,
659,@anonymized_account a co to jest Nijmegen ?,0.0,
660,@anonymized_account A jak tam fotki z dupeczkami dzisiaj wieczorem,0.0,
661,"@anonymized_account W Å¼yciu. Telewizja postawi weto. BÄ™dÄ… musieli kombinowaÄ‡, Å¼eby to jak najbardziej rozdzieliÄ‡.",0.0,
663,@anonymized_account @anonymized_account @anonymized_account A czemu nie o 5 mln ?,0.0,
667,"@anonymized_account A pisdzielstwo, szczury, gady, plazy popromienne, azbestowe?",1.0,
668,@anonymized_account @anonymized_account nie obraÅº siÄ™ Justa ale akurat narzekania to Ty nie powinnaÅ› nikomu wytykaÄ‡ :P,0.0,
670,"@anonymized_account @anonymized_account ZapierdalaÄ‡  usunÄ…Ä‡ jak Kmicic kolubrynÄ™, gÄ™gacze trzeba byÅ‚o na kc",1.0,
671,"@anonymized_account Ta rozwaliÅ‚,  to pozostaÅ‚oÅ›ci po tej patologi PO",0.0,
672,"@anonymized_account @anonymized_account Oj, a czemu on w ortopedycznych butach musi chodziÄ‡?",0.0,
673,Lekarz siÄ™ dziwiÅ‚ jak mogÄ™ funkcjonowaÄ‡ z taka anemiÄ…,0.0,
674,PamiÄ™tacie jak robiÅ‚am gadane indy? PorobiÅ‚abym znowu ale musiaÅ‚abym byÄ‡ sama a w akademiku nigdy nie jestem sama xd,0.0,
675,@anonymized_account Teraz siÄ™ zbÅ‚aÅºniÅ‚eÅ›. Gratulacje ğŸ˜‰\nhttps://t.co/38i53YkoDl,0.0,
676,@anonymized_account czyli dopasowaÅ‚a siÄ™ do wczorajszego poziomu nowej druÅ¼yny,0.0,
678,@anonymized_account Pizza tylko capricziosa a kebab tylko od turka z baraninÄ…,0.0,
680,"@anonymized_account @anonymized_account Starszych od siebie oczywiÅ›cie, chyba zostaÅ‚em dobrze zrozumiany ğŸ˜‰",0.0,
682,@anonymized_account @anonymized_account oni tam chyba na serio myÅ›lÄ… Å¼e ktoÅ› za to zapÅ‚aci.Nie wiem jaki jest sens wstawiania takich linkÃ³w.,0.0,
683,@anonymized_account mieliÅ›my tego przykÅ‚ad przy Cierzniaku,0.0,
687,RT @anonymized_account to pojebane ze nie przestajemy myslec o osobach z ktorymi i tak nie mamy juz zadnego kontaktu,0.0,
688,"@anonymized_account Ciekawe jak tam jest waÅ¼one. \n- PoproszÄ™ pÃ³Å‚ baku podwawelskiej, tÄ™ Å‚opatkÄ™ do peÅ‚na i moÅ¼e za stÃ³wÄ™ wÄ™dliny.",0.0,
690,@anonymized_account dziwie siÄ™ Å¼e dopiero teraz,0.0,
692,"@anonymized_account - JakÄ… masz temperaturÄ™?\n- 37,1. Å»egnajcie kochani!",0.0,
693,@anonymized_account Sukces rodzi siÄ™ wbolach ğŸ˜‰,0.0,
694,"@anonymized_account @anonymized_account Ale przecieÅ¼ przeÅ¼yÅ‚o 50 tyÅ›, 6 mln zgÅ‚adzono",0.0,
696,"@anonymized_account  nie wiem.MiaÅ‚y byÄ‡ dwa powroty, ale nie piÅ‚karzy, wiÄ™c moÅ¼e chodziÅ‚o teÅ¼ o Sobola",0.0,
697,"WisÅ‚a zrobiÅ‚a jeszcze lepszy biznes niÅ¼ myÅ›laÅ‚em: WÅ‚osi podajÄ…, Å¼e Genua pÅ‚aci za Brleka 2,2 mln euro, czyli wiÄ™cej niÅ¼ Olym. za Vadisa",0.0,
698,NajsÅ‚absze ogniwo okazaÅ‚o siÄ™ najmocniejszym ogniwem,0.0,
699,@anonymized_account Czy tylko ja tego nie dostaÅ‚am,0.0,
701,@anonymized_account @anonymized_account tÄ… walecznoÅ›Ä‡ doskonale widzieliÅ›my szczegÃ³lnie od 40 minuty jak siÄ™ pogodzili z poraÅ¼kÄ… i im siÄ™ nie chciaÅ‚o graÄ‡,0.0,
200,@anonymized_account @anonymized_account  @anonymized_account @anonymized_account  nie ma felietonÃ³w i nie wiem przez to co siÄ™ w lidze dzieje bo juÅ¼ nie oglÄ…dam :),0.0,
202,@anonymized_account Som. Jutro rano jakiÅ› meczyk w fife ?:),0.0,
206,@anonymized_account @anonymized_account Czy leci z nami pilot ? 2,0.0,
207,@anonymized_account To tylko po to Å¼eby podzieliÄ‡ siÄ™ doÅ›wiadczeniami w tej sprawie,0.0,
214,@anonymized_account No cÃ³Å¼. KaÅ¼da okazja jest dobra Å¼eby pokazaÄ‡ swojÄ… dezaprobatÄ™ dla tego zbrodniczego Pisu ğŸ˜ğŸ˜ğŸ˜,0.0,
215,@anonymized_account A finaÅ‚ to jest sztos nie mogÅ‚am wyjÅ›Ä‡ z szoku XD,0.0,
218,@anonymized_account PrzecieÅ¼ publicznie oÅ›wiadczyÅ‚ jakiÅ› czas temu Å¼e idzie do WOT....,0.0,
221,SPIERDOLE SIE MOJ BYLY  PRZYJECHAL DO MNIE 900 KM ZEBY MN PRZEPROSIC A JA JESTEM 650 KM OD DOMU NA WYJEZDZIE XDDDDDDDDDD,0.0,
223,@anonymized_account Zachowajcie to. Ten Pan nie powinien zbyt dÅ‚ugo tam pracowaÄ‡.,0.0,
225,@anonymized_account @anonymized_account To by byÅ‚o zbyt piÄ™kne. Dla kibicÃ³w Barcelony.,0.0,
226,WidziaÅ‚am Å›licznÄ… sukienkÄ™ ale nie byÅ‚o mniejszego rozmiaru niÅ¼ 36 i byÅ‚a za duÅ¼a danmm,0.0,
228,"RT @anonymized_account Wiem co mogÅ‚oby \""uratowaÄ‡\"" posÅ‚a PiÄ™tÄ™... niech ogÅ‚osi, Å¼e wszystko to nieprawda, bo jest....gejem ğŸ¤ª",1.0,
230,@anonymized_account KrzysiÃ³! PiÄ™knego maja Ci Å¼yczÄ™! :-)\nI tej pogody ducha co zawsze. Najlepszego! :-),0.0,
232,Zakwestionowanie orzeczeÅ„ SN oznaczaÅ‚oby oczywiÅ›cie rÃ³wnieÅ¼ podwaÅ¼enie orzeczenia o stwierdzeniu waÅ¼noÅ›ci ostatnich  wyborÃ³w.,0.0,
233,RT @anonymized_account Panowie @anonymized_account @anonymized_account @anonymized_account \n\nnie raczyliÅ›cie dziÅ› przybyÄ‡ na pogrzeb gen. #ÅšciborRylski-ego.\n\nJesâ€¦,0.0,
234,"@anonymized_account @anonymized_account Ej, @anonymized_account macie w redakcji fana trenerskiego talentu TH. \u0026lt;idÄ™ po popcorn\u0026gt; ğŸ˜€",0.0,
235,"@anonymized_account @anonymized_account No to piÄ™knie pasuje na razie do tej wycieczki, ale moze wieczorem siÄ™ farcik odwrÃ³ci ğŸ˜€",0.0,
238,"@anonymized_account Ponadto nie wiem, czy z Wami o 18:00 nie graliÅ›my jesieniÄ… w BiaÅ‚ym :D",0.0,
239,@anonymized_account I tak wszystko wina Stuhra i TVN,0.0,
245,@anonymized_account i gdzie jest Handzlik ?,0.0,
248,"Kolano boli prezesa, a co boli tych niepeÅ‚nosprawnych",1.0,
249,"#Woronicza17  Wedlug PO i PSL ci co glosuja na Pis to sami chorzy ludzie ,ot taka ich retoryka ! PSL z PO okradaliscie Polske !!!",0.0,
251,@anonymized_account @anonymized_account Teraz prawie bramke strzeliÅ‚ :),0.0,
252,@anonymized_account Na transfery out to generalnie bez sensu na Jurowieckiej czekaÄ‡ ğŸ˜‰,0.0,
254,"@anonymized_account @anonymized_account @anonymized_account @anonymized_account @anonymized_account Ceny nie biorÄ… siÄ™ z ksiÄ™Å¼yca. Skoro tak urosÅ‚y, to znaczy, Å¼e siÄ™ opÅ‚aca.",0.0,
255,"Skoro pÅ‚acimy tylu trenerom to w sumie nie ma siÄ™ co dziwiÄ‡, Å¼e bierzemy kogoÅ› takiego jak Stolarczyk...",0.0,
260,"@anonymized_account @anonymized_account @anonymized_account Ty gnojku, jakby nie tacy ludzie jak Frasyniuk, to byÄ‡ zapierdalaÅ‚ dzisiaj przy gnoju u siebie na wsi.",1.0,
263,"MiÄ™Å›nie brzucha szybko da siÄ™ wyrobiÄ‡, juÅ¼ tydzieÅ„ Ä‡wiczÄ™, ale teraz nie mam siÅ‚y siÄ™ zebraÄ‡",0.0,
265,"@anonymized_account To co tak dobrze robi Japonia, Å¼e ma 5 strzaÅ‚Ã³w i 2 celne w 75 minut?",0.0,
266,"@anonymized_account Å›miaÅ‚em  siÄ™ z wodogÅ‚owia kolegi, ale gdyby nie on, medycyna nie zrobiÅ‚aby takich postÄ™pÃ³w w dziedzinie lekÃ³w na bÃ³l dupy",1.0,
267,"@anonymized_account @anonymized_account @anonymized_account @anonymized_account Jeszcze uÅ¼yj dwa razy \""towarzysze\"" i juÅ¼ wiadomo jaki bÄ™dzie efekt.",0.0,
268,"RT @anonymized_account #sÅ‚owoNaNiedzielÄ™ \nZaprawdÄ™ powiadam Wam,aby wykastrowaÄ‡ ksiÄ™dza,trzeba ministranta w podbrÃ³dek kopnÄ…Ä‡.\nAmen.",1.0,
269,@anonymized_account @anonymized_account A rezygnowanie ze skrzydÅ‚owych jest strzaÅ‚em w kolano.,0.0,
271,"@anonymized_account Ale byliÅ›my dumni, mali, pozbawieni problemÃ³w, zapierdalaliÅ›my przez Å›wiat jak pendolino, okrutna sprawa ten internet",0.0,
275,@anonymized_account DaÅ‚eÅ› dwÃ³ch lewych obroÅ„cÃ³w - Strinicia i Lucasa :),0.0,
280,@anonymized_account @anonymized_account @anonymized_account @anonymized_account ByÅ‚ testowany to zagraÅ‚ wiÄ™cej minut. UÅ¼ywaj czasem mÃ³zgu.,1.0,
282,@anonymized_account nie wiedziaÅ‚em Å¼e Arboleda gra w Levante :),0.0,
286,Kurcze ten Hubert z CheÅ‚mna ktÃ³rego wszyscy szukali jednak nie Å¼yje,0.0,
289,MÃ³wi Å¼e stare rapsy sÄ… caÅ‚kiem niezle,0.0,
290,"RT @anonymized_account @anonymized_account STO LAT, ale ty musisz byÄ‡ stara teraz",1.0,
291,@anonymized_account @anonymized_account Pani @anonymized_account weszÅ‚a do sejmu i wyszÅ‚a,0.0,
298,RT @anonymized_account @anonymized_account Ten caÅ‚y @anonymized_account  wyglÄ…da mi na pedofila...,1.0,
299,@anonymized_account Koperta tÅ‚usta chyba tez byÅ‚a;),0.0,
300,@anonymized_account jestem zaprzyjaÅºniony ze statystykami bo jestem miÅ‚oÅ›nikiem Football Managera :),0.0,
301,@anonymized_account @anonymized_account @anonymized_account Wali mnie BiaÅ‚ystok. Jak sobie wybiorÄ… tak bÄ™dÄ… mieli.,0.0,
302,@anonymized_account @anonymized_account Jak masz znowu tak siÄ™ spiaÄ‡ to nie odpisuj,0.0,
303,@anonymized_account Dlaczego nikt nie mÃ³wi o â€Witches of East Endâ€? Kocham mocniutko,0.0,
307,@anonymized_account @anonymized_account @anonymized_account No to tylko sprÃ³bujcie mi zwrÃ³ciÄ‡ uwage Å¼e nie klaszcze :P,0.0,
308,@anonymized_account akurat w statystykach oczekuje dokÅ‚adnoÅ›ci i rzetelnoÅ›ci.Ja jak w pracy zrobie bÅ‚Ä…d to za niego pÅ‚ace wiÄ™c kilka razy sie sprawdzam,0.0,
310,"\""Bomba zostanie zaÅ‚adowana na specjalny wÃ³z, tak zwany bombowÃ³z\""",0.0,
311,"@anonymized_account @anonymized_account @anonymized_account Skoro Lech kontaktowaÅ‚ siÄ™ z Carlitosem to chyba pora napisaÄ‡ artykuÅ‚, Å¼e Lech Å‚amie przepisy.",0.0,
318,@anonymized_account Naaaaah nie bÄ™dzie pasowaÄ‡ ğŸ˜‚,0.0,
319,"@anonymized_account No ile ma, powiedz ğŸ˜‚ğŸ˜‚",0.0,
320,@anonymized_account nie rozumie tego ale to wasze sprawy wiÄ™c nie ciÄ…gne tematu,0.0,
321,@anonymized_account @anonymized_account @anonymized_account KtÃ³ry raz to mÃ³wisz pajacu? Powtarzasz to przy kaÅ¼dych wyborach samorzadowych,0.0,
322,"@anonymized_account @anonymized_account @anonymized_account Hello AntoÅ›, a jak tam nowy chÅ‚optaÅ›? Dobry jest?",0.0,
323,"@anonymized_account To byÅ‚o pewne, Å¼e SÅ‚omka nie bÄ™dzie graÅ‚ w Katowicach. Dziwne, Å¼e nikt tego nie przewidziaÅ‚.",0.0,
326,@anonymized_account @anonymized_account I co jeszcze wymyÅ›licie wazeliniarze?,1.0,
327,"@anonymized_account Wspaniale! Za to wyrÃ³Å¼nienie serdecznie dziÄ™kujÄ™ i myÅ›lÄ™, Å¼e wszyscy wuzetzetowcy sÄ… Panu Prezydentowi wdziÄ™czni!",0.0,
328,@anonymized_account @anonymized_account @anonymized_account Masz moÅ¼e skÅ‚ad Pogoni z rocznikami?,0.0,
329,@anonymized_account @anonymized_account jakie fakty ? IdÄ…c tym idiotycznym tokiem rozumowania to i tak ZieÅ„czuk ma wiÄ™cej bramek,0.0,
336,RT @anonymized_account Premier @anonymized_account w @anonymized_account PSL i PO wyprzedawali polskÄ… ziemiÄ™.,0.0,
345,"@anonymized_account Tu zjadÅ‚am przepysznÄ… saÅ‚atkÄ™, bardzo polecam!",0.0,
346,"@anonymized_account Jest debilem , w make upie i bez",1.0,
349,"@anonymized_account nie wiem, bojÄ™ siÄ™ otworzyÄ‡.",0.0,
350,@anonymized_account @anonymized_account @anonymized_account Przez neta zawsze sÄ… aktualne skÅ‚ady bo tam sÄ… aktualizowane nawet wyjÅ›ciowe jedenastki :P,0.0,
351,@anonymized_account musze siÄ™ przyznaÄ‡ Å¼e znowu siÄ™ sfrajerzyÅ‚em bo kliknÄ…Å‚em w link nie patrzÄ…c Å¼e to ta zjebana wyborcza,1.0,
352,@anonymized_account @anonymized_account mam nadzieje.Najbardziej przereklamowany zawodnik w lidze w ostatnich latach wg mnie.,0.0,
354,"@anonymized_account Z tego, co pamietam, to z czerwieni dla Burligi w Szczecinie nikt afery w klubie nie robiÅ‚, kopniÄ™cie podobne ğŸ˜›",0.0,
356,@anonymized_account @anonymized_account A to sÄ… jeszcze jakieÅ› inne kolory?,0.0,
359,@anonymized_account GÅ‚upi jesteÅ›. Jak zwykle. Czarnecki zostanie odwoÅ‚any za chamstwo a nie za prawdÄ™. Jak masz wÄ…tpliwoÅ›ci to zapytaj carycÄ™.,1.0,
365,"@anonymized_account @anonymized_account Oni sa w hipnozie, to jest sekta",0.0,
368,@anonymized_account no to sÅ‚aby z ciebie dziennikarz,0.0,
370,RT @anonymized_account @anonymized_account @anonymized_account Kamilo jak patrzÄ™ na Ciebie to widzÄ™ obraz nÄ™dzy i rozpaczy,1.0,
371,"Wstyd mi za to co ja odpierdalaÅ‚am w wieku 11 lat, pojebana jakaÅ› byÅ‚am, chce te czasy wymazaÄ‡ ze swojej pamiÄ™ci.",0.0,
375,"Jezyk walenia waÅ¼y 2,5 tony, zjem jezyk walenia jak pisdzielstwo ma racjÄ™",1.0,
377,@anonymized_account skoro napisaliÅ›cie Å¼e chciaÅ‚o go pÃ³Å‚ Europy to moÅ¼e napiszcie jakie kluby bo ja nie napotkaÅ‚em siÄ™ na info o choÄ‡by jednym,0.0,
379,"@anonymized_account tak. A wieczorem pierwszy raz film. Moja siostra uznaÅ‚a, Å¼e jestem kosmitÄ….",0.0,
380,@anonymized_account @anonymized_account Brak argumentÃ³w do rzeczowej dyskusji?,0.0,
381,RT @anonymized_account PrzecieÅ¼ one mogÅ‚y wwieÅºÄ‡ do Sejmu tego pytona!,0.0,
383,"@anonymized_account @anonymized_account Wiem, byÄ‡ moÅ¼e bÄ™dzie w drugiej poÅ‚owie jeszcze gorzej :D",0.0,
384,"Nie mogÄ™ kaÅ¼demu odpisywaÄ‡, medytacja @anonymized_account @anonymized_account @anonymized_account",0.0,
387,@anonymized_account @anonymized_account @anonymized_account DÅ‚ug jest do ogarniÄ™cia myÅ›lÄ™ Å¼e wartoÅ›Ä‡ brleka jest porÃ³wnywalna do dÅ‚ugu,0.0,
389,@anonymized_account tak tak wezmÄ… wszystkie najlepsze a Tobie zostanÄ… same cieniasy :),0.0,
390,"@anonymized_account @anonymized_account No wÅ‚aÅ›nie ten \""fenomen socjologiczny\"" duÅ¼o zrobiÅ‚. Poza tym to dla mnie pierwszy wielki idol :)",0.0,
400,@anonymized_account @anonymized_account Historia czÅ‚owieczeÅ„stwa to historia mordÃ³w ...,0.0,
402,"@anonymized_account Nie mogÅ‚a byÄ‡, jak nas 4:0 odprawiÅ‚a w drugim meczu :D",0.0,
404,@anonymized_account teÅ¼ to widze.Å»yj dalej w Å›wiecie w ktÃ³rym to Legia jest najlepsza na Å›wiecie a sÅ‚aba gra to wynik gry w pucharach.,0.0,
406,Dobra idÄ™ jutro odebraÄ‡ prawko w koÅ„cu,0.0,
407,@anonymized_account nas jeszcze bardziej wystraszyÅ‚a :D,0.0,
412,@anonymized_account @anonymized_account @anonymized_account I uwaÅ¼a Pan Å¼e notorycznym Å‚garzom ktoÅ› uwierzy?,0.0,
413,@anonymized_account Maciej DÄ…browski wystÄ™powaÅ‚ w tym zespole :),0.0,
416,"@anonymized_account @anonymized_account Jak zwykle , naÄ‡pa siÄ™ i prawie lewituje",1.0,
417,"@anonymized_account 100% koniec pisdzielstwa, moÅ¼e pora zrÃ³Å¼nicowaÄ‡ followersow",1.0,
418,RT @anonymized_account ××™×–×” ×¨×¢×™×•×Ÿ ×©×œ ×”× ×©×™× ×¤×•×œ× ×™ @anonymized_account ××¦×•×™×Ÿ :-)\n\nhttps://t.co/0SXlbTCPGh,0.0,
420,@anonymized_account @anonymized_account @anonymized_account GÃ³rnik i Å›ciana w obronie? ğŸ˜œ,0.0,
425,"@anonymized_account Awww dziÄ™kuje kochana, to najsÅ‚odszy czÅ‚owiek na caÅ‚ej planecie",0.0,
426,@anonymized_account @anonymized_account oczywiÅ›cie Å¼e nikt nie traktuje powaÅ¼nie.Jestem ciekawy ilu kibicÃ³w potrafiÅ‚oby wymieniÄ‡ medalistÃ³w IO'12,0.0,
430,@anonymized_account moÅ¼e ccc zapÅ‚aciÅ‚o Å¼eby siÄ™ nie przemÄ™czaÅ‚a.Tak jak kiedyÅ› Jeki zrobiÅ‚y z Taurasi,0.0,
431,@anonymized_account @anonymized_account @anonymized_account I co z tego wynika dla kraju?,0.0,
433,"@anonymized_account Mistrza juÅ¼ mamy, na LigÄ™ MistrzÃ³w czekamy!",0.0,
434,"Morawieckiemu coÅ› nie idzie w NamysÅ‚owie. Teraz jako byÅ‚y prezes BZK WBK przedstawia siÄ™ jaki ten, ktÃ³ry zwalcza \""zachodnie korporacje\"".",0.0,
439,"@anonymized_account @anonymized_account Nie znaÅ‚em, ale to nie ten przypadek.Rydzykowopisbolszewivki yntelygent",1.0,
440,Katastrofalna ta Tunezja na razie. Do jutrzejszego meczu Polska - Senegal Afryka moÅ¼e pozostawaÄ‡ bez punktu i gola.,0.0,
441,@anonymized_account od paru lat jestesmy ligowym Å›redniakiem. KaÅ¼dy by chciaÅ‚ walczyÄ‡ o coÅ› wiÄ™cej ale moÅ¼e w przyszÅ‚ym sezonie.MaÅ‚y optymizm jest.,0.0,
442,"@anonymized_account @anonymized_account @anonymized_account @anonymized_account A co ten chuj moÅ¼e wiedzieÄ‡, niech idzie do stylisty i nie pordolib",1.0,
444,@anonymized_account Nie wiem czy by sobie Å¼yczyli. Zostawmy im tÄ™ chwilÄ™ ğŸ˜Š,0.0,
445,@anonymized_account ale jeden pkt moÅ¼e zawaÅ¼yÄ‡ o awansie do gr mistrzowskiej lub nie,0.0,
446,@anonymized_account czyli mam rozumieÄ‡ Å¼e jak twoi koledzy nasmiewaja sie z Messiego i obrazajÄ… Barce to wtedy kibicujesz Barcelonie Å¼eby wygraÅ‚a ?,0.0,
448,"@anonymized_account @anonymized_account @anonymized_account LeczÄ™ nogi, uwaÅ¼aj na azbest, eternit atakuje mÃ³zg,mrozny deszcz grozy po karku przechodzi",0.0,
449,"@anonymized_account Do niczego nie zmusi. Do tego, o czym mÃ³wisz, potrzebne sÄ… warunki i pieniÄ…dze, nie przepis.",0.0,
452,@anonymized_account wiadomo ile zespoÅ‚Ã³w bÄ™dzie spadaÄ‡ z 3.ligi ?,0.0,
453,@anonymized_account @anonymized_account A co? Wszystko musi iÅ›Ä‡ najpierw do zaakceptowania przez dziennikarzy?,0.0,
457,@anonymized_account @anonymized_account ZostaliÅ›cie dziÅ› zmiaÅ¼dÅ¼eni ğŸ˜‚ğŸ˜‚ğŸ˜‚\nPiS wyrwaÅ‚ wam aortÄ™ na Å¼ywca.,0.0,
461,@anonymized_account Znowu sobie robisz nadziejÄ™ ? PrzecieÅ¼ to nic nie oznacza. Szanse wg mnie na jego wystÄ™p to 1% :P,0.0,
463,"@anonymized_account Szkoda, Å¼e na tt mieszczÄ… siÄ™ tylko 4 zdjÄ™cia ;-)",0.0,
464,@anonymized_account @anonymized_account Powinien teÅ¼ poruszyc sprawÄ™ dyskryminacji niepeÅ‚nosprawnych.,0.0,
465,"@anonymized_account \""A nie mÃ³wiÅ‚em?\"" ğŸ˜‚ No mÃ³wiÅ‚eÅ›, ale o lidze szkockiej ğŸ˜‚",0.0,
466,"@anonymized_account Niech spierdala. PrzyszedÅ‚ z PiSu i myÅ›laÅ‚ Å¼e siÄ™ na coÅ› zaÅ‚apie, ale siÄ™ nie udaÅ‚o",1.0,
467,@anonymized_account @anonymized_account Taki senatorski squat kurwa jego maÄ‡,1.0,
468,Panie @anonymized_account czy to prawda Å¼e wycofano siÄ™ z ustawy IPN poniewaÅ¼ @anonymized_account nie mÃ³gÅ‚ podskoczyÄ‡ wyÅ¼ej niÅ¼ Wess Mitchell?,0.0,
472,Teraz sÅ‚ucham  macie na czym sÅ‚uchaÄ‡? Blaze away i  koncert z NOSPR Miuosh Smolik,0.0,
473,@anonymized_account ProszÄ™ o swastykÄ™ w profilowym i gdzie tam strugasz tÄ… swojÄ… filozofiÄ™ #dorzeszy,1.0,
476,"@anonymized_account Nie wiem nie wiem, po ile sÄ…? Co zostaÅ‚o?",0.0,
478,"Polecam rÃ³wnieÅ¼ ksiÄ…Å¼kÄ™ \""Å»ydzi  \""P.Zychowicza. Akurat bardzo na czasie",0.0,
481,@anonymized_account a ja wspÃ³Å‚czuje zaÅ›lepienia.WolÄ™ nie mieÄ‡ Wolskiego niÅ¼ robiÄ‡ kolejne dÅ‚ugi @anonymized_account,0.0,
482,@anonymized_account @anonymized_account 19:26 to jest co? Przylot czy wyjÅ›cie? Wiesz?,0.0,
486,RT @anonymized_account czy wam teÅ¼ po 18 roku Å¼ycia dni tak szybko lecÄ…?,0.0,
488,"Woks populi vox dei, kto mieczem wojuje, ten od pochwy ginie",0.0,
490,"@anonymized_account Tomek obejrzales \"" Å›wiat wedÅ‚ug kiepskich \"" i od razu zakochales siÄ™ w ğŸŒ. ğŸ˜‰\nPozdro Å¼yczÄ™ powodzenia",0.0,
491,@anonymized_account TÄ™ umiejÄ™tnoÅ›Ä‡ osiÄ…ga siÄ™ z wiekiem i liczbÄ… nadgodzin ğŸ˜‰,0.0,
492,"@anonymized_account @anonymized_account TW Wolfgang, TW Faraon i TW Rycerz,TW Balbina, TW MichaÅ‚ \nKto mieczem wojuje, ten od pochwy ginie",0.0,
494,@anonymized_account Tu sÄ… sÅ‚abe powtÃ³rki. Dopiero w przerwie pokazali zbliÅ¼enie.,0.0,
497,@anonymized_account @anonymized_account co ciebie Cracovia ? Haha to tym bardziej Lechia cie gowno obchodzi,0.0,
498,@anonymized_account @anonymized_account A moÅ¼e jednak syrop ? ğŸ˜‚,0.0,
501,@anonymized_account No Rodriguez to bardzo sÅ‚ynne nazwisko :),0.0,
503,@anonymized_account oczywiÅ›cie Å¼e ktoÅ› by siÄ™ przydaÅ‚ ale nie ja zarzÄ…dzam kasÄ… a zawodniczka pewnie w styczniu jakaÅ› przyjdzie tak obstawiam,0.0,
504,@anonymized_account @anonymized_account @anonymized_account @anonymized_account @anonymized_account @anonymized_account @anonymized_account Chyba ze na skrzypcach w Pekinie ğŸ˜‰,0.0,
505,@anonymized_account MoÅ¼e zÅ‚ego adwokata sobie znalazÅ‚ ğŸ¤£,0.0,
506,@anonymized_account Ej macie takÄ… gÅ‚Ä™bokÄ… wiÄ™Åº albo coÅ›? Czy to tylko mit,0.0,
507,"RT @anonymized_account @anonymized_account ChÅ‚opie \""ogarnij sie i wyjedÅº z miasta\"". PogÃ³dÅº siÄ™ z wygranÄ… PIS i nie kompromituj siÄ™...",0.0,
508,"@anonymized_account Dobrze, Å¼e odchodzi. Nie potrzebujemy takich ludzi, ktÃ³rzy cieszÄ… siÄ™ z poraÅ¼ek WisÅ‚y .",0.0,
509,@anonymized_account @anonymized_account Czekam teraz na Twittera. Czas najwyÅ¼szy.,0.0,
514,@anonymized_account SiÅ‚y wolnoÅ›ciowe to teÅ¼ Pan? A to nie Pan kiedyÅ› chciaÅ‚ paÅ‚owaÄ‡ protestujÄ…cych?,0.0,
516,@anonymized_account Å»yczÄ™ mu dobrze ale martwiÄ™ siÄ™ by siÄ™ nieokazalo ze to za wysokie progi dla niego,0.0,
517,"@anonymized_account O czym pani prezes wspomniaÅ‚a kilka dni wczeÅ›niej chodzi mi o \"" kilkunastokrotny wzrost budÅ¼etu \""",0.0,
519,@anonymized_account @anonymized_account Ale od Turka czy takiego udawanego?,0.0,
520,@anonymized_account @anonymized_account Niech przegrajÄ… kilka meczy i sÅ‚abo bÄ™da graÄ‡ to pewnie inaczej bÄ™dziesz mÃ³wiÅ‚ :),0.0,
523,Za pÃ³Å‚ godziny miaÅ‚abym zajÄ™cia a sobie leÅ¼Ä™ w Å‚Ã³Å¼ku,0.0,
524,@anonymized_account @anonymized_account @anonymized_account Jojo demokrata w akcji. Taki pospolity Ä‡wierÄ‡mÃ³zg,1.0,
525,RT @anonymized_account Pepe is an enormous dick.,0.0,
526,RT @anonymized_account WyrabiaÅ‚ ktoÅ› z was ksiÄ…Å¼eczkÄ™ sanepidowska? #rt #tweetme,0.0,
530,@anonymized_account Tam siÄ™ coÅ› jeszcze po gwizdku chyba dziaÅ‚o,0.0,
532,@anonymized_account @anonymized_account Najlepszym rozwiÄ…zaniem byÅ‚o by moÅ¼e zakazaÄ‡ chodziÄ‡ na mecze wtedy zero patologi na trybunach i zero normalnoÅ›ci,0.0,
533,@anonymized_account @anonymized_account @anonymized_account Nie zapomnij nakolannikÃ³w karykaturo prezydenta.,1.0,
534,@anonymized_account @anonymized_account To jest bardzo dobre pytanie ğŸ˜‚,0.0,
536,@anonymized_account @anonymized_account Ty niechciaÅ‚aÅ› zadaÄ‡ pytania Bogusiowi to Kasia nie bÄ™dzie chciaÅ‚a MaÅ‚eckiemu :(,0.0,
537,@anonymized_account To nabijÄ™ ciÄ™ w butelkÄ™,1.0,
538,@anonymized_account Prosimy o kolejne rewelacje. Bardzo nas to interesuje.,0.0,
539,@anonymized_account Ten koleÅ› z tyÅ‚u xd,0.0,
541,@anonymized_account Tak. Zawsze starszy rocznik o miejsce dla mÅ‚odszego walczy.,0.0,
544,@anonymized_account @anonymized_account 7800 z groszami na meczu,0.0,
545,"Odrzut natychmiastowy, kwaÅ›na mina, mam problem",0.0,
550,@anonymized_account @anonymized_account @anonymized_account Traktuj sobie jak chcesz. Mam to gdzieÅ›. WyraziÅ‚em siÄ™ jasno.,0.0,
552,@anonymized_account No to bardzo merytoryczny program. Gimbaza pewnie w ekstazie ğŸ‘,1.0,
554,@anonymized_account Znam to z doÅ›wiadczenia :D ğŸ”,0.0,
555,â¡ #FF dla nowego na TT @anonymized_account z KPRP @anonymized_account,0.0,
557,@anonymized_account @anonymized_account @anonymized_account Tak Å¼yje proboszcz jak mu rada parafialna pozwala.,0.0,
560,@anonymized_account Media polskojÄ™zyczne siÄ™ ciebie wstydzÄ…,1.0,
561,@anonymized_account ChcÄ™ Å¼ebyÅ› Å¼yÅ‚ dÅ‚ugo i zdrowo tak jak wÅ‚aÅ›nie chcesz,0.0,
562,"@anonymized_account Ej, ktÃ³ry raz zdajesz? Bo ja jutro idÄ™ drugi raz i mam juÅ¼ wylane bo to jakaÅ› komedia jest. Na czym oblaÅ‚aÅ›?",0.0,
563,"Polacy powinni teraz zrozumieÄ‡, dlaczego tak waÅ¼ne sÄ… Wybory SamorzÄ…dowe. Od doÅ‚u naleÅ¼y wyczyÅ›ciÄ‡ PolskÄ™ z resztek komunizmu. #Woronicza17",0.0,
564,@anonymized_account Raptem wszyscy majÄ… amnezjÄ™ i muszÄ… czytaÄ‡ przedruki. Trzeba Å‚ykaÄ‡ magnez,0.0,
566,jakie niskie stawki stypendium wtf,0.0,
568,"@anonymized_account Moja mama je taki makaron z mlekiem, nie wiem, nigdy nie jadÅ‚am, ale z jakimÅ› sosem powinien byÄ‡ dobry",0.0,
570,"RT @anonymized_account dobrze ze nigdy nie wydalam pieniÄ™dzy na te zjebane legginsy galaxy, w krzyze, dropsy, pÄ…czki itd XD",0.0,
572,"@anonymized_account Szmata ludzka, gdzie swastyka na ryju",1.0,
573,RT @anonymized_account @anonymized_account Taki sam niemiecki baran ja tyğŸ˜†ğŸ˜†ğŸ˜†,1.0,
575,WydaÅ‚am 16 ziko Å¼eby dokumenty doszÅ‚y jutro do Krakowa a zapomniaÅ‚am wÅ‚oÅ¼yÄ‡ do koperty karty przebiegu studiÃ³w ğŸ¤¦ğŸ¼â€â™€ï¸ brawo ja,0.0,
576,@anonymized_account DuÅ¼e kursy czy pewniaki ? :),0.0,
579,@anonymized_account @anonymized_account Tajna grupa na FB? ZmieÅ„cie dealera albo przestaÅ„cie Ä‡paÄ‡.,1.0,
581,"@anonymized_account @anonymized_account @anonymized_account KtoÅ› go urzÄ…dziÅ‚ pod siebie, nie pod PaniÄ….",0.0,
584,@anonymized_account @anonymized_account @anonymized_account @anonymized_account @anonymized_account krakÃ³wbliÅ¼ej.pl jest lepsze bo wspominajÄ… o Grzelczaku i Przybylskim haha,0.0,
588,@anonymized_account Rozkurwil system Å¼ydowski oby tak dalej ;-),1.0,
590,Krok na miarÄ™ jpk vat. Przychody z tyt VAT wzrosÄ…,0.0,
591,@anonymized_account @anonymized_account @anonymized_account JeÅ›li to ironia to rozumiem,0.0,
595,@anonymized_account Dotarlas do oreÅ‚ka?ğŸ˜ğŸ˜ W tym roku niestety tyÅ‚ko jedenğŸ˜ğŸ˜,0.0,
597,@anonymized_account Wszyscy majÄ… ciÄ™ w d....udzie a ty dalej brniesz pajacu.,1.0,
598,@anonymized_account MÃ³j ksiÄ…dz z 3 gimnazjum to anioÅ‚ nie czÅ‚owiek i on tez nie miaÅ‚ nic do osÃ³b ze spoÅ‚eczeÅ„stwa lgbtq,0.0,
599,@anonymized_account @anonymized_account No mi wÅ‚aÅ›nie wycofaÅ‚o zawodnikÃ³w Pogoni na rzecz zawodnikÃ³w Lecha ^^,0.0,
601,@anonymized_account Tata ma muszkÄ™ w taki wzorek ;-D,0.0,
605,"Czaicie, Å¼e zapomniaÅ‚am hasÅ‚a do poczty do tego stopnia, Å¼e muszÄ™ zadzwoniÄ‡ na infoliniÄ™, Å¼eby mi konto odblokowali XD",0.0,
609,@anonymized_account Nie mogÄ™ zrobiÄ‡ RT :/,0.0,
610,@anonymized_account Mariott juÅ¼ zarezerwowany? To kiedy staruje partyjny lansik za paÅ„stwowÄ… kasÄ™?,0.0,
611,"\""Co ty k.... gwiÅ¼dzesz\""tak sÄ™dzia Å.B  opisaÅ‚ w protokole meczowym  Å¼Ã³Å‚tÄ… kartkÄ™ dla IwanağŸ˜‚ğŸ˜‚ ğŸ˜‚Szybka nauka jÄ™zyka Polskiego Masakra!!!",0.0,
614,@anonymized_account @anonymized_account @anonymized_account won z mojego miasta pisowska mendo,1.0,
615,"@anonymized_account Kto bÄ™dzie piÅ‚ te mleko, gdzie bÄ™dÄ… jeÅºdziÅ‚y tiry, meble, okna ty maly kogucie",1.0,
616,@anonymized_account @anonymized_account wstyd Å¼e siÄ™ nie dogadali ? LitoÅ›ci,0.0,
620,"@anonymized_account @anonymized_account @anonymized_account No pewnie, Å¼e weÅºmie. To dobra koleÅ¼anka, przecieÅ¼ nie bÄ™dzie zazdrosna. ğŸ˜",0.0,
623,"Po powrocie z urlopu w gÃ³rach, czÅ‚owiek powinien mieÄ‡ kilka dni na aklimatyzacjÄ™, warszawskie powietrze jest jak grypa ğŸ˜·ğŸ˜",0.0,
626,"@anonymized_account @anonymized_account lepiej napisaÄ‡ Å¼e dostali wpierdol.A nie, bo ludzie ktÃ³rzy dostali po ryju by siÄ™ mogli gÅ‚upio poczuÄ‡.",1.0,
627,@anonymized_account @anonymized_account @anonymized_account NajwyÅ¼sza pora Å¼eby Twitter zrobiÅ‚ to samo co Facebook,0.0,
628,@anonymized_account wszystko fajnie ale gdzie jest @anonymized_account ?,0.0,
629,Jutro o tej porze bÄ™dÄ™ mieÄ‡ egzamin na prawo jazdy ja siÄ™ zabije,0.0,
630,@anonymized_account Dla fanki Juve i Realu na pewno ğŸ˜›,0.0,
635,"@anonymized_account Gdyby lud nie byÅ‚ ciemny, to nie byÅ‚oby skurwysynÃ³w w koloratkach.",1.0,
642,@anonymized_account Abonament to sobie jakiÅ› wybiorÄ™ :) O telefon mi chodzi gÅ‚Ã³wnie.,0.0,
643,@anonymized_account Wystarczy spojrzeÄ‡ na te wykrzywione botoksem usta i wiadomo z kim rozmawia ğŸ˜ğŸ˜ğŸ˜ğŸ˜,1.0,
644,@anonymized_account I wygra bo Polacy siÄ™ nie obudzÄ…,0.0,
645,"@anonymized_account ğŸ˜ğŸ˜ğŸ˜ Data to juÅ¼ zupeÅ‚nie dowolna, dostosuje siÄ™. Postaram przynajmniej.",0.0,
646,@anonymized_account W zwiÄ…zku z tym tytuÅ‚ jest kontrowersyjny :),0.0,
647,"@anonymized_account @anonymized_account @anonymized_account I to jest problem, Å¼e w Ekstraklasie muszÄ… siÄ™ uczyÄ‡, a nie sÄ… do niej gotowi ğŸ˜‰",0.0,
648,@anonymized_account @anonymized_account czyli @anonymized_account byÅ‚o na fecie ? Czemu mnie to nie dziwi :),0.0,
651,"Nie mogÄ™ od wczoraj przestaÄ‡ sÅ‚uchaÄ‡. \nhttps://t.co/7S7ixjG5sC\n\nPS. Jak siÄ™ zapÄ™tla na YT? Wiem, Å¼e juÅ¼ kiedyÅ› pytaÅ‚am, ale zapomniaÅ‚am ;/",0.0,
653,"@anonymized_account 2/2 jako przyklad podaÅ‚ Å¼e sprzedali zawodnika za 11,5 mln (9mln dla Twente, 2,5 dla funduszu).MÄ…dry czlowiek z niego...",0.0,
654,@anonymized_account @anonymized_account @anonymized_account @anonymized_account @anonymized_account @anonymized_account nie ma WisÅ‚y w futsalu to nie ma.Po chuj drÄ…Å¼yÄ‡ temat ?,1.0,
655,@anonymized_account @anonymized_account @anonymized_account @anonymized_account @anonymized_account Jasne Å¼e bÄ™dÄ™ stary. Ale napewno nie bÄ™dÄ™ kretynem,1.0,
656,"@anonymized_account @anonymized_account @anonymized_account @anonymized_account Kobieto, ty siÄ™ nie potrafisz oÅ›wiata zajÄ…Ä‡ a wypowiadasz siÄ™ o szkolnictwie wyÅ¼szym?",0.0,
662,Nie mam pociagu do Bydgoszczy jestem: zszokowana,0.0,
664,@anonymized_account @anonymized_account @anonymized_account I kto oprÃ³cz 25 samolotÃ³w LOTu bÄ™dzie tam lataÅ‚?,0.0,
665,Panie @anonymized_account kto nie wydaÅ‚ 17 zÅ‚ na wizaÅ¼ niech pierwszy Å¼ycia kamieniem,0.0,
666,@anonymized_account ten hashtag moÅ¼na rÃ³Å¼nie interpretowaÄ‡ :),0.0,
669,@anonymized_account Ale koszulki to chyba identyczne jak ÅšlÄ…ska ^^,0.0,
677,@anonymized_account @anonymized_account A co o wÅ‚oskich faszystach i wÄ™gierskich nacjonalistach?,0.0,
679,"@anonymized_account O 20:15 zaczynacie transmisjÄ™ meczu, ktÃ³ry zaczyna siÄ™ 19:40?",0.0,
681,@anonymized_account @anonymized_account @anonymized_account @anonymized_account @anonymized_account @anonymized_account PasiakÃ³w z ubiegÅ‚ego sezonu juÅ¼ nie ma :),0.0,
684,@anonymized_account @anonymized_account DziÄ™ki Panie premierze za poparcie dziaÅ‚aÅ„ PO,0.0,
685,"@anonymized_account @anonymized_account @anonymized_account TrÃ³jca Å›wiÄ™ta: tommi, pawÅ‚owski i bielak ğŸ˜‚",0.0,
686,RT @anonymized_account @anonymized_account Racja. Przepraszam. :-) DziÄ™ki za sprostowanie.,0.0,
689,Okres czasu w chwili obecnej.,0.0,
691,"Jarkacz boi siÄ™ o odbyt, nie chce iÅ›Ä‡ do ciupy, zrobi wszystko, nasi rodacy jednak to kupiÄ…",0.0,
695,RT @anonymized_account jedyne co mi w Å¼yciu wyszÅ‚o to drut ze stanika,0.0,
700,"@anonymized_account @anonymized_account Nie zna Å¼ycia, kto nie pracowaÅ‚ na poczcie.",0.0,
